<ImportExportXml version="9.2.23112.216" SolutionPackageVersion="9.2" languagecode="1033" generatedBy="CrmLive" xmlns:xsi="http://www.w3.org/2001/XMLSchema-instance">
  <SolutionManifest>
    <UniqueName>ElasticTablesPerformanceTest</UniqueName>
    <LocalizedNames>
      <LocalizedName description="Elastic Tables Performance Test" languagecode="1033" />
    </LocalizedNames>
    <Descriptions />
    <Version>1.0.0.1</Version>
    <Managed>0</Managed>
    <Publisher>
      <UniqueName>Cr9e38d</UniqueName>
      <LocalizedNames>
        <LocalizedName description="CDS Default Publisher" languagecode="1033" />
      </LocalizedNames>
      <Descriptions />
      <EMailAddress xsi:nil="true"></EMailAddress>
      <SupportingWebsiteUrl xsi:nil="true"></SupportingWebsiteUrl>
      <CustomizationPrefix>cr5c3</CustomizationPrefix>
      <CustomizationOptionValuePrefix>88328</CustomizationOptionValuePrefix>
      <Addresses>
        <Address>
          <AddressNumber>1</AddressNumber>
          <AddressTypeCode xsi:nil="true"></AddressTypeCode>
          <City xsi:nil="true"></City>
          <County xsi:nil="true"></County>
          <Country xsi:nil="true"></Country>
          <Fax xsi:nil="true"></Fax>
          <FreightTermsCode xsi:nil="true"></FreightTermsCode>
          <ImportSequenceNumber xsi:nil="true"></ImportSequenceNumber>
          <Latitude xsi:nil="true"></Latitude>
          <Line1 xsi:nil="true"></Line1>
          <Line2 xsi:nil="true"></Line2>
          <Line3 xsi:nil="true"></Line3>
          <Longitude xsi:nil="true"></Longitude>
          <Name xsi:nil="true"></Name>
          <PostalCode xsi:nil="true"></PostalCode>
          <PostOfficeBox xsi:nil="true"></PostOfficeBox>
          <PrimaryContactName xsi:nil="true"></PrimaryContactName>
          <ShippingMethodCode xsi:nil="true"></ShippingMethodCode>
          <StateOrProvince xsi:nil="true"></StateOrProvince>
          <Telephone1 xsi:nil="true"></Telephone1>
          <Telephone2 xsi:nil="true"></Telephone2>
          <Telephone3 xsi:nil="true"></Telephone3>
          <TimeZoneRuleVersionNumber xsi:nil="true"></TimeZoneRuleVersionNumber>
          <UPSZone xsi:nil="true"></UPSZone>
          <UTCOffset xsi:nil="true"></UTCOffset>
          <UTCConversionTimeZoneCode xsi:nil="true"></UTCConversionTimeZoneCode>
        </Address>
        <Address>
          <AddressNumber>2</AddressNumber>
          <AddressTypeCode xsi:nil="true"></AddressTypeCode>
          <City xsi:nil="true"></City>
          <County xsi:nil="true"></County>
          <Country xsi:nil="true"></Country>
          <Fax xsi:nil="true"></Fax>
          <FreightTermsCode xsi:nil="true"></FreightTermsCode>
          <ImportSequenceNumber xsi:nil="true"></ImportSequenceNumber>
          <Latitude xsi:nil="true"></Latitude>
          <Line1 xsi:nil="true"></Line1>
          <Line2 xsi:nil="true"></Line2>
          <Line3 xsi:nil="true"></Line3>
          <Longitude xsi:nil="true"></Longitude>
          <Name xsi:nil="true"></Name>
          <PostalCode xsi:nil="true"></PostalCode>
          <PostOfficeBox xsi:nil="true"></PostOfficeBox>
          <PrimaryContactName xsi:nil="true"></PrimaryContactName>
          <ShippingMethodCode xsi:nil="true"></ShippingMethodCode>
          <StateOrProvince xsi:nil="true"></StateOrProvince>
          <Telephone1 xsi:nil="true"></Telephone1>
          <Telephone2 xsi:nil="true"></Telephone2>
          <Telephone3 xsi:nil="true"></Telephone3>
          <TimeZoneRuleVersionNumber xsi:nil="true"></TimeZoneRuleVersionNumber>
          <UPSZone xsi:nil="true"></UPSZone>
          <UTCOffset xsi:nil="true"></UTCOffset>
          <UTCConversionTimeZoneCode xsi:nil="true"></UTCConversionTimeZoneCode>
        </Address>
      </Addresses>
    </Publisher>
    <RootComponents>
      <RootComponent type="1" schemaName="cr5c3_customerselastic" behavior="0" />
      <RootComponent type="1" schemaName="cr5c3_customersregulartable" behavior="0" />
      <RootComponent type="29" id="{2094ecb4-18a7-ee11-be37-0022489f7cc6}" behavior="0" />
      <RootComponent type="29" id="{36bab7a3-0da7-ee11-be37-0022489f7cc6}" behavior="0" />
      <RootComponent type="29" id="{8a3ec84b-12a1-46ca-89b5-18ae92741bf7}" behavior="0" />
      <RootComponent type="29" id="{9cfd0f22-19a7-ee11-be37-0022489f7cc6}" behavior="0" />
      <RootComponent type="62" schemaName="cr5c3_ElasticTableTestapp" behavior="0" />
      <RootComponent type="80" schemaName="cr5c3_ElasticTableTestapp" behavior="0" />
    </RootComponents>
    <MissingDependencies>
      <MissingDependency>
        <Required type="181" schemaName="NonRelational Data Provider" displayName="NonRelational Data Provider" solution="NonRelationalDataProvider (9.0.0.1437)" id="{1d9bde74-9ebd-4da9-8ff5-aa74945b9f74}" />
        <Dependent type="1" schemaName="cr5c3_customerselastic" displayName="Customers Elastic" />
      </MissingDependency>
      <MissingDependency>
        <Required type="183" schemaName="NonRelational Data Provider" displayName="NonRelational Data Provider" solution="NonRelationalDataProvider (9.0.0.1437)" id="{19897b6e-b2c2-461c-8f32-5a2413028030}" />
        <Dependent type="1" schemaName="cr5c3_customerselastic" displayName="Customers Elastic" />
      </MissingDependency>
      <MissingDependency>
        <Required type="61" schemaName="msdyn_/Images/AppModule_Default_Icon.png" displayName="msdyn_/Images/AppModule_Default_Icon.png" solution="AppModuleWebResources (2.5)" />
        <Dependent type="80" schemaName="cr5c3_ElasticTableTestapp" displayName="Elastic Table Testapp" />
      </MissingDependency>
      <MissingDependency>
        <Required type="9" schemaName="cr5c3_genderupload" displayName="GenderUpload" solution="Active" />
        <Dependent type="2" schemaName="cr5c3_gender" displayName="Gender" parentSchemaName="cr5c3_customerselastic" parentDisplayName="Customers Elastic" />
      </MissingDependency>
      <MissingDependency>
        <Required type="9" schemaName="cr5c3_genderupload" displayName="GenderUpload" solution="Active" />
        <Dependent type="2" schemaName="cr5c3_gender" displayName="Gender" parentSchemaName="cr5c3_customersregulartable" parentDisplayName="Customers Regular Table" />
      </MissingDependency>
      <MissingDependency>
        <Required type="connectionreference" displayName="cr5c3_sharedcommondataserviceforapps_1e7b4" solution="Active" id.connectionreferencelogicalname="cr5c3_sharedcommondataserviceforapps_1e7b4" />
        <Dependent type="29" displayName="Update Elastic Table" id="{2094ecb4-18a7-ee11-be37-0022489f7cc6}" />
      </MissingDependency>
      <MissingDependency>
        <Required type="connectionreference" displayName="cr5c3_sharedcommondataserviceforapps_1e7b4" solution="Active" id.connectionreferencelogicalname="cr5c3_sharedcommondataserviceforapps_1e7b4" />
        <Dependent type="29" displayName="Update Regular Table" id="{9cfd0f22-19a7-ee11-be37-0022489f7cc6}" />
      </MissingDependency>
    </MissingDependencies>
  </SolutionManifest>
</ImportExportXml>